章,知识点,一级属性
昆虫纲,蚊,形态与结构
昆虫纲,蚊,生活史
昆虫纲,蚊,生理与生态
昆虫纲,蚊,重要传病种类及与疾病的关系
昆虫纲,蚊,防制原则
昆虫纲,白蛉,形态
昆虫纲,白蛉,生活史
昆虫纲,白蛉,生态
昆虫纲,白蛉,重要蛉种
昆虫纲,白蛉,与疾病的关系
昆虫纲,白蛉,防制原则
基因突变与遗传多态性,基因突变的本质及其特性,
基因突变与遗传多态性,基因突变的诱发因素,物理因素
基因突变与遗传多态性,基因突变的诱发因素,化学因素
基因突变与遗传多态性,基因突变的诱发因素,生物因素
基因突变与遗传多态性,基因突变的形式,静态突变
基因突变与遗传多态性,基因突变的形式,动态突变
基因突变与遗传多态性,DNA损伤的修复,紫外线引起的DNA损伤修复
基因突变与遗传多态性,DNA损伤的修复,电离辐射引起的DNA损伤与修复
基因突变与遗传多态性,DNA损伤的修复,修复缺陷与错误修复
基因突变与遗传多态性,遗传多态性,表现形式
基因突变与遗传多态性,遗传多态性,意义及应用
重症救治与监测,多器官功能障碍综合征,病因与发病机制
重症救治与监测,多器官功能障碍综合征,诊断标准及严重程度评分标准
重症救治与监测,多器官功能障碍综合征,预防与治疗
重症救治与监测,急性肾功能衰竭,病因
重症救治与监测,急性肾功能衰竭,发病机制
重症救治与监测,急性肾功能衰竭,临床表现
重症救治与监测,急性肾功能衰竭,诊断
重症救治与监测,急性肾功能衰竭,鉴别诊断
重症救治与监测,急性肾功能衰竭,防治措施
重症救治与监测,急性肾功能衰竭,治疗
重症救治与监测,急性肾功能衰竭,预后